{
  "organized_by_type\\image_files\\image_animal.jpg": {
    "hash": "6b7bb1e9672ffa94b229dd116efef32f",
    "size": 84297,
    "modified": 1739843306.112638
  },
  "organized_by_type\\image_files\\image_c8fed35720671596882b0c6a2ad9586d.gif": {
    "hash": "b4edb5a69b329fe4f02d786866857989",
    "size": 260720,
    "modified": 1739843306.0051103
  },
  "organized_by_type\\image_files\\image_img_0967.png": {
    "hash": "d0f306649a058173c1c628230195863e",
    "size": 291522,
    "modified": 1739843306.003034
  },
  "organized_by_type\\image_files\\image_logo.png": {
    "hash": "9927b50d8af7749ee51196b0fac9a07c",
    "size": 80440,
    "modified": 1739843306.1090796
  },
  "organized_by_type\\others\\data_1111_63.csv": {
    "hash": "acd93346fdf6cb7a7d9b775092878891",
    "size": 2354,
    "modified": 1739843306.1116297
  },
  "organized_by_type\\others\\presentation_go_bruin.pptx": {
    "hash": "f1c1b59a927ac35da75e17d2b907154c",
    "size": 4545841,
    "modified": 1739843306.0213873
  },
  "organized_by_type\\text_files\\doc_files\\document_12222_777.docx": {
    "hash": "6b1c207de17998ea664096964a458772",
    "size": 13342,
    "modified": 1739843305.9973102
  },
  "organized_by_type\\text_files\\pdf_files\\pdf_paper_1col.pdf": {
    "hash": "8fd97a26e2f8a8440a62bf7cac05d5ae",
    "size": 78504,
    "modified": 1739843306.1090796
  },
  "organized_by_type\\text_files\\plain_text_files\\markdown_ccc.md": {
    "hash": "b184ce9893e6df1cfcb6a7d1049749de",
    "size": 1053,
    "modified": 1739843306.113641
  },
  "organized_by_type\\text_files\\plain_text_files\\text_bs.txt": {
    "hash": "bb678096dd430e305e9725dfb9479df4",
    "size": 259,
    "modified": 1739843306.112638
  },
  "organized_by_type\\text_files\\plain_text_files\\text_case_law_example.txt": {
    "hash": "89337be093f1ee0b355c2cba8576eae4",
    "size": 688,
    "modified": 1739853796.59587
  },
  "organized_by_type\\text_files\\plain_text_files\\text_docket_entry_example.txt": {
    "hash": "810aeab9c6f715105085301f40b524fb",
    "size": 1708,
    "modified": 1739853850.3284073
  },
  "organized_by_type\\text_files\\plain_text_files\\text_exhibit_example.txt": {
    "hash": "ee58dced47ff7f148d61dc3335a48640",
    "size": 2072,
    "modified": 1739853884.0932562
  },
  "organized_by_type\\text_files\\plain_text_files\\text_pleading_example.txt": {
    "hash": "2d854633941b158effbbc64be1bae6af",
    "size": 3122,
    "modified": 1739853868.271631
  },
  "organized_by_type\\text_files\\xls_files\\spreadsheet_1.xlsx": {
    "hash": "5cedab288a6b833308fd7043795a844d",
    "size": 79265,
    "modified": 1739843305.9904487
  },
  "organized_by_date\\2025\\February\\data_1111_63.csv": {
    "hash": "acd93346fdf6cb7a7d9b775092878891",
    "size": 2354,
    "modified": 1739843306.1116297
  },
  "organized_by_date\\2025\\February\\document_12222_777.docx": {
    "hash": "6b1c207de17998ea664096964a458772",
    "size": 13342,
    "modified": 1739843305.9973102
  },
  "organized_by_date\\2025\\February\\image_animal.jpg": {
    "hash": "6b7bb1e9672ffa94b229dd116efef32f",
    "size": 84297,
    "modified": 1739843306.112638
  },
  "organized_by_date\\2025\\February\\image_c8fed35720671596882b0c6a2ad9586d.gif": {
    "hash": "b4edb5a69b329fe4f02d786866857989",
    "size": 260720,
    "modified": 1739843306.0051103
  },
  "organized_by_date\\2025\\February\\image_img_0967.png": {
    "hash": "d0f306649a058173c1c628230195863e",
    "size": 291522,
    "modified": 1739843306.003034
  },
  "organized_by_date\\2025\\February\\image_logo.png": {
    "hash": "9927b50d8af7749ee51196b0fac9a07c",
    "size": 80440,
    "modified": 1739843306.1090796
  },
  "organized_by_date\\2025\\February\\markdown_ccc.md": {
    "hash": "b184ce9893e6df1cfcb6a7d1049749de",
    "size": 1053,
    "modified": 1739843306.113641
  },
  "organized_by_date\\2025\\February\\pdf_paper_1col.pdf": {
    "hash": "8fd97a26e2f8a8440a62bf7cac05d5ae",
    "size": 78504,
    "modified": 1739843306.1090796
  },
  "organized_by_date\\2025\\February\\presentation_go_bruin.pptx": {
    "hash": "f1c1b59a927ac35da75e17d2b907154c",
    "size": 4545841,
    "modified": 1739843306.0213873
  },
  "organized_by_date\\2025\\February\\spreadsheet_1.xlsx": {
    "hash": "5cedab288a6b833308fd7043795a844d",
    "size": 79265,
    "modified": 1739843305.9904487
  },
  "organized_by_date\\2025\\February\\text_bs.txt": {
    "hash": "bb678096dd430e305e9725dfb9479df4",
    "size": 259,
    "modified": 1739843306.112638
  },
  "organized_by_date\\2025\\February\\text_case_law_example.txt": {
    "hash": "89337be093f1ee0b355c2cba8576eae4",
    "size": 688,
    "modified": 1739853796.59587
  },
  "organized_by_date\\2025\\February\\text_docket_entry_example.txt": {
    "hash": "810aeab9c6f715105085301f40b524fb",
    "size": 1708,
    "modified": 1739853850.3284073
  },
  "organized_by_date\\2025\\February\\text_exhibit_example.txt": {
    "hash": "ee58dced47ff7f148d61dc3335a48640",
    "size": 2072,
    "modified": 1739853884.0932562
  },
  "organized_by_date\\2025\\February\\text_pleading_example.txt": {
    "hash": "2d854633941b158effbbc64be1bae6af",
    "size": 3122,
    "modified": 1739853868.271631
  },
  "organized_by_size\\medium_files\\presentation_go_bruin.pptx": {
    "hash": "f1c1b59a927ac35da75e17d2b907154c",
    "size": 4545841,
    "modified": 1739843306.0213873
  },
  "organized_by_size\\small_files\\data_1111_63.csv": {
    "hash": "acd93346fdf6cb7a7d9b775092878891",
    "size": 2354,
    "modified": 1739843306.1116297
  },
  "organized_by_size\\small_files\\document_12222_777.docx": {
    "hash": "6b1c207de17998ea664096964a458772",
    "size": 13342,
    "modified": 1739843305.9973102
  },
  "organized_by_size\\small_files\\image_animal.jpg": {
    "hash": "6b7bb1e9672ffa94b229dd116efef32f",
    "size": 84297,
    "modified": 1739843306.112638
  },
  "organized_by_size\\small_files\\image_c8fed35720671596882b0c6a2ad9586d.gif": {
    "hash": "b4edb5a69b329fe4f02d786866857989",
    "size": 260720,
    "modified": 1739843306.0051103
  },
  "organized_by_size\\small_files\\image_img_0967.png": {
    "hash": "d0f306649a058173c1c628230195863e",
    "size": 291522,
    "modified": 1739843306.003034
  },
  "organized_by_size\\small_files\\image_logo.png": {
    "hash": "9927b50d8af7749ee51196b0fac9a07c",
    "size": 80440,
    "modified": 1739843306.1090796
  },
  "organized_by_size\\small_files\\markdown_ccc.md": {
    "hash": "b184ce9893e6df1cfcb6a7d1049749de",
    "size": 1053,
    "modified": 1739843306.113641
  },
  "organized_by_size\\small_files\\pdf_paper_1col.pdf": {
    "hash": "8fd97a26e2f8a8440a62bf7cac05d5ae",
    "size": 78504,
    "modified": 1739843306.1090796
  },
  "organized_by_size\\small_files\\spreadsheet_1.xlsx": {
    "hash": "5cedab288a6b833308fd7043795a844d",
    "size": 79265,
    "modified": 1739843305.9904487
  },
  "organized_by_size\\small_files\\text_bs.txt": {
    "hash": "bb678096dd430e305e9725dfb9479df4",
    "size": 259,
    "modified": 1739843306.112638
  },
  "organized_by_size\\small_files\\text_case_law_example.txt": {
    "hash": "89337be093f1ee0b355c2cba8576eae4",
    "size": 688,
    "modified": 1739853796.59587
  },
  "organized_by_size\\small_files\\text_docket_entry_example.txt": {
    "hash": "810aeab9c6f715105085301f40b524fb",
    "size": 1708,
    "modified": 1739853850.3284073
  },
  "organized_by_size\\small_files\\text_exhibit_example.txt": {
    "hash": "ee58dced47ff7f148d61dc3335a48640",
    "size": 2072,
    "modified": 1739853884.0932562
  },
  "organized_by_size\\small_files\\text_pleading_example.txt": {
    "hash": "2d854633941b158effbbc64be1bae6af",
    "size": 3122,
    "modified": 1739853868.271631
  },
  "organized_by_type_and_date\\image_files\\2025\\February\\image_animal.jpg": {
    "hash": "6b7bb1e9672ffa94b229dd116efef32f",
    "size": 84297,
    "modified": 1739843306.112638
  },